{"ops_common_text_area":{"font_path":"Miui-Regular.ttf","__class":"TextArea","height_value":100,"width_value":100,"red":0.40392156862745,"green":0.4156862745098,"font_size":16,"blue":0.42352941176471}}